token_id,background,face,clothing,hat,accessory,mask,combo_hash
1,paper_white,neutral_squinting,red_dress_uniform_medals,beret_military_maroon_star,accessory_sunglasses_brown_aviator,none,362c622a0405eaefce531829971df6f188c80f16405ecbf4b69b060cd50c05be
2,dust_beige,very_sad_depressed,black_jacket_yellow_turtleneck,campaign_hat_brown_plain,accessory_sunglasses_silver_dark_aviator,none,1102bcbbfe1328efb1904ad5ff1a3ac4f288257d32bacd75a147d4295ccf8e06
3,dust_beige,wojak_eyes_closed_peaceful,navy_suit_red_tie,helmet_camo_woodland_m1,accessory_sunglasses_brown_aviator,none,6cb0a105e3b9054cc960e6c13df550b763fbfa343e3a9fec2d168eb133e3ee05
4,sunset_orange,npc_gray_cracked_mask_white,black_vest_green_stripes,pith_helmet_green_safari,accessory_sunglasses_gold_white_aviator,none,511e4aba2ad0fbca6c67a152075da068636f2788323463bb4f5f27a89f2d02ee
5,slate_gray,wojak_evil_red_eyes,blue_plaid_flannel,cap_gray_meme_pepsi,accessory_glasses_tan_reading,none,5a487c0071c423b5c2033f0bd072eef180b64c6d969d47a73ad49071efff443b
6,void_black,sad_baggy_eyes,gray_jacket_orange_turtleneck,fedora_tan_variation,none,none,8a615d280b662b08ffbe7a762d0fd8da1ddfa147ec52bbabc6f5ffe1ec1a9bbd
7,dust_beige,wojak_evil_red_eyes,beige_jacket_orange_scarf,fez_burgundy_tassel,accessory_chain_necklace_black,none,fdade52019f75dd0d604dffd10533c7d4c45dea1ee86392b1ad2c9582bb502be
8,blood_maroon,neutral_calm,medium_gray_tee,cap_san_andreas_black,accessory_spiked_collar_ring,none,f25c43740129b66807f45ba4c78c4560e8a31de32a6e6257a26ddbf8b929f438
9,dust_beige,creepy_smiling_big_teeth,black_suit_purple_tie,none,accessory_sunglasses_gold_blue_aviator,none,012c7be69ae4ff8aa9f0222f7828be0f76cf8f317c4393a3d5895a5283fa4730
10,blood_maroon,wojak_wrinkled_determined,white_gray_tee,cap_police_black_badge,accessory_red_black_cape,none,37502d2bce5b6bd1ab4fb9d3f7236cdf4e7e625001cc883559a58757e115df03
11,blood_maroon,wojak_beaten_bruised,mcdonalds_uniform,stocking_black,accessory_brown_scarf,none,e9d3893afcdea17ad2dae19613bf6ae968b9e32b9e516d5e73463c243f62de46
12,royal_purple,wojak_content_smile,green_pol_pepe_tee,gambler_black,accessory_cigarette_smoking,none,f38bd913beeb2112e6e4a4ca76bcb1dfb3de83265862b5f3f471172850a30d93
13,slate_gray,wojak_eyes_closed_peaceful,dark_gray_shirt,helmet_swat_black_goggles,accessory_spiked_collar_ring,none,6e72c08d0c03051b7e878d7f980b73691c2dc045f19aac212bf57befba538958
14,slate_gray,soy_glasses_open_mouth,black_blazer_tan_tshirt,cap_bitcoin_orange_white_circle,accessory_glasses_aviator_outline,none,7afadae0aeec8b46d8204a5492947eed402598b714be6f74b1ef39a0ad5abb73
15,void_black,evil_grin_teeth,white_blazer_red_tshirt,cap_mcdonalds_red_golden_arches,accessory_sunglasses_round_black,none,16adffe8d913bdf9f626c40ae39534688eb54a692a21ae982d13e52a1a157da8
16,royal_purple,glasses_screaming_beard,burgundy_suit_decorative_collar,cap_propeller_multicolor,accessory_glasses_black_orange_accent,none,7e2e9299bae453acd8037646680ca0176916022d793ac75ca078b65bc619f2aa
17,sunset_orange,depressed_dark,gray_tactical_vest,cowboy_white,accessory_goggles_brown_aviator,none,f633a9f420c6e8ae060284a57d1f8f8bc912c0ba0de7a60c098827701e89a032
18,blood_maroon,sad_closed_eyes,gray_blazer_brown_tshirt,cap_black_gradient_logo,accessory_sunglasses_gold_white_aviator,none,a815b2a6497ed4d51ccdf307ab2fd11d76709309a8e3a12a39ca947cefecc0eb
19,muted_blue,wojak_side_glance,ash_gray_tee,cap_propeller_multicolor,accessory_glasses_rectangle_glare,none,21c9b76ef31182fe770efc23ebb2db59a8efd18e5133a34c0bf3384bb9b6c22d
20,paper_white,sad_baggy_eyes_variant,black_tee,none,accessory_chain_necklace_black,none,bed18034cbdc3b97f7cb294d6e3b7ea13e08d09c07126e2dd9e39c638d75e43b
21,void_black,happy_content,black_hoodie_drawstrings,campaign_hat_brown_plain,accessory_pilot_goggles_brown,none,a534afb49b773dc221f1898afc50b18b7e6a198864916ac7bc47614a1251f21a
22,forest_green,sad_tired,white_nasa_tee,pith_helmet_tan_safari,accessory_bitcoin_necklace,none,1839e00d58c3106972a16f19f77875b653edd238673c2009f21702d67764bc65
23,slate_gray,clown_makeup,blue_vneck_sweater_white_shirt_tie,helmet_swat_black_goggles,accessory_glasses_rectangle_glare,none,48ed48dddf167997a90ef89dec1cd476747f71bb96c896ec53cf94af463359b6
24,void_black,big_ear_side_profile,light_gray_polo,bucket_checkered_red_white,accessory_goggles_brown_aviator,none,83c9249b0ca6a1ba6f8da8fef7399f02a5aa9e8637e5947374e56edf6f95e352
25,void_black,tired_heavy_eyes,purple_collar_teeth,cowboy_brown,accessory_spiked_collar_ring,none,95dc0dc5ad71cfb2b7ecb844105a9c3648184fd21da0dbf993d391988862f3f4
26,dust_beige,very_sad_depressed,black_vest_gray_sleeves,boonie_camo_woodland,none,none,b3ab7c3df8b70722e2e9194b73b4a2fa5b52fd145c36a4f45fb3ae8318d77119
27,void_black,big_ear_side_profile,purple_collar_teeth,bucket_black,accessory_gray_bowtie,none,5db34d5a0351621d041f45561431a0439eb85790d31f025cf7dcc53bd7b07d41
28,toxic_lime,wojak_sweating_stressed,gray_jacket_orange_turtleneck_variant,cap_white_gray_plain,none,none,c3d602060811f554a2f80c3df9afa704db242a8229755e0e6179a1d42080a67c
29,blood_maroon,shocked_wide_eyes,hawaiian_floral_shirt,fez_burgundy_tassel,accessory_chain_necklace_gold,none,4ebf7850f08c8a3844a9563fa08b4b483e52ac4d3554e5e2de7cf3616b55572b
30,dust_beige,neutral_calm,gray_tactical_vest,fez_burgundy_tassel,accessory_sunglasses_brown_aviator,none,c4931400dd827f1bf802e92b5011003021d16c0fcbf9530fb1630da4ebbcf007
31,muted_blue,wojak_eyes_closed_peaceful,ash_gray_tee,cowboy_black_red_band,accessory_chain_necklace_black,none,be3b33879daa32859e038e672db9b4ec434c36a31af5545d29388d0ec64bb591
32,muted_blue,npc_gray_winking,medium_gray_tee,bucket_green,accessory_glasses_round_reflective,none,44b86fe5ac7f19a239dee01ab0e7b4a5c258d79c9b2f15c0449b5969aca7ec7c
33,royal_purple,neutral_simple,dark_gray_tee,fez_red,accessory_glasses_blue_frame,none,c8199261ed7c46fcd8f7e631aa5842b33676d95cadd5c201bb3df340893d6fe9
34,paper_white,wojak_laughing_excited,black_leather_jacket_brown_tshirt,none,none,none,753b585552e8af6742188268f79668b236a25600f17a4ec2a235e7289137bc43
35,dust_beige,soy_glasses_open_mouth,beige_jacket_orange_scarf,cap_pilot_blue_airline,accessory_glasses_rectangle_outline,none,6914af0bbf770b6b94f82fd8c2377694b3763529bacaa0c79ab0c17b6a8c99bd
36,void_black,wojak_sweating_stressed,tactical_saddle_backpack,cap_nintendo_red,accessory_glasses_black_orange_accent,none,37026216ce4e5e4df3b6a8b844bf000147626d511ca775246f30f5e17cf48257
37,dust_beige,sad_closed_eyes,white_shirt_black_bow_tie,bandana_green,accessory_black_cape_flowing,none,65d0cadb9c37c52bc4adb9e1aa9ce60088df0e717ea07d8f78ef569333f985c1
38,slate_gray,confused_squint,black_jacket_green_stripes,bucket_frog_green_pepe,none,none,2137d5697a7b938f616f793bccee1a7d3588e4179e1ee4a145d169d992cea79e
39,dust_beige,jeff_killer_smile,blue_vneck_sweater_white_shirt_tie,fedora_dark_brown,accessory_sunglasses_black_rectangular,none,0796032dad731d83d64de44f90728c7d86b8a33d07c2dde3951cf178f21add9c
40,void_black,sad_dark_circles,brown_uniform_yellow_stars_collar,fedora_blue_black_band,accessory_chain_necklace_black,none,ee8847dadc4d1798280defd7bdadc6aa42508d88347253d95f3ebb3462b070d7
41,void_black,happy_content,red_dress_uniform_medals,bicorne_black_napoleon,none,none,9d5875c8b1955291fbf5cf4d7837b7f0db592d89a44c1213c9f24673fd72a7ac
42,blood_maroon,soy_glasses_open_mouth,gray_polo_shirt,gambler_gray,accessory_glasses_tan_reading,none,18561911da09a021a9119fd61b38406808e9e280fa21f89288f261c4f06acc5c
43,dust_beige,happy_smiling,tan_blazer_navy_shirt,ranger_hat_brown_badge,none,none,40744cede3dc717f9ed933890678654e98d1601bd657ce0e4ffbc5f53ad87245
44,blood_maroon,very_sad_depressed,mcdonalds_uniform,bucket_checkered_red_white,accessory_sunglasses_palm_tree_reflection,none,675587385f9f68cc1274a10810d742ce61cf4848790385848fb2b4c2c6117dfb
45,dust_beige,tired_heavy_eyes,black_button_shirt,bandana_red,accessory_glasses_round_reflective,none,d67b9f73cbbefbba15e97d951a3dd2b6ae8a4fe521784af60e46e2feb66b9473
46,muted_blue,wojak_wrinkled_neutral,denim_jacket_bandana,cap_propeller_multicolor,accessory_glasses_rectangle_outline,none,0deb4c3f1ce3b9d5844b7d114450670ba8ee01db6c061f46b37ef71b2f9ff174
47,gold_wash,angry_soy_glasses,black_jacket_green_stripes,cap_gray_meme_pepsi,accessory_pipe_brown,none,20385bf4ca59f90a04c1ab2964047b3ff71e30d8646e3864f2ca2a4277f3924c
48,slate_gray,tired_neutral,black_blazer_brown_tshirt,cap_white_black_maroon_panels,accessory_glasses_rectangle_glare,none,dc2ad5458e2b6780c73f915813d6b7a13e907666a2f7f18aab2d8de90530695a
49,hot_pink,very_sad_depressed,gray_polo_shirt,cap_black_down_only,accessory_brown_scarf,none,e5c73d6d76534dcf0e056aebb5b6f7891d613c41ed5f28c1e8947d3df915a0ce
50,void_black,sad_stubble,mcdonalds_uniform,cap_san_andreas_black,accessory_sunglasses_gold_white_aviator,none,07ec8011ac9661e9fefce210feffc156cc32ada59337c847de9ce39f6608f8d9
